USE FastFood;

--PATRONES DE CONSUMO ESTACIONAL
--(Informacion localizada: INSIGHT VENTAS)
SELECT 
    DATENAME(MONTH, fecha_orden_tomada) AS mes_nombre,
    MONTH(fecha_orden_tomada) AS mes_numero,
    COUNT(*) AS cantidad_pedidos,
    SUM(total_compra) AS total_ventas,
    AVG(total_compra) AS venta_promedio
FROM 
    Ordenes
WHERE 
    fecha_orden_tomada IS NOT NULL
GROUP BY 
    DATENAME(MONTH, fecha_orden_tomada), 
    MONTH(fecha_orden_tomada)
ORDER BY 
    mes_numero DESC;

--INSERTAR DATOS EN DETALLE DE ORDEN
INSERT INTO 
DetalleOrdenes (id_orden,id_productos,cantidad, precio) 
VALUES
(2,1,3,23.44),
(2,2,4,45.14),
(2,3,4,46.37),
(2,4,3,42.34),
(2,5,3,18.25),
(2,6,3,20.08),
(2,7,5,13.31),
(2,8,5,20.55),
(2,9,5,30.13),
(2,10,2,38.34),
(3,1,4,23.44),
(3,2,5,45.14),
(3,3,4,46.37),
(3,4,3,42.34),
(3,5,3,17.484),
(3,6,3,20.08),
(3,7,2,13.31),
(3,8,2,20.96),
(3,9,1,30.13),
(3,10,2,38.34),
(4,1,4,23.44),
(4,2,5,45.14),
(4,3,4,45.043),
(4,4,3,42.34),
(4,5,3,18.25),
(4,6,3,20.08),
(4,7,3,13.31),
(4,8,2,20.96),
(4,9,1,30.13),
(4,10,2,38.34),
(5,1,4,23.44),
(5,2,5,45.14),
(5,3,3,43.7669),
(5,4,3,42.34),
(5,5,3,18.25),
(5,6,3,20.08),
(5,7,4,13.31),
(5,8,2,20.96),
(5,9,3,30.13),
(5,10,2,38.34),
(6,1,4,23.44),
(6,2,2,45.14),
(6,3,3,46.37),
(6,4,4,42.34),
(6,5,4,18.25),
(6,6,3,20.08),
(6,7,8,13.31),
(6,8,4,20.96),
(6,9,2,30.13),
(6,10,2,38.34),
(7,1,4,23.44),
(7,2,3,45.14),
(7,3,4,46.37),
(7,4,5,42.34),
(7,5,4,18.25),
(7,6,1,18.08),
(7,7,8,13.31),
(7,8,5,20.96),
(7,9,2,30.13),
(7,10,2,38.34),
(8,1,4,23.44),
(8,2,3,45.14),
(8,3,4,46.37),
(8,4,5,42.34),
(8,5,4,18.25),
(8,6,2,18.78),
(8,7,8,13.31),
(8,8,5,20.96),
(8,9,2,30.13),
(8,10,2,38.34),
(9,1,3,23.44),
(9,2,3,45.14),
(9,3,2,46.37),
(9,4,4,43.34),
(9,5,4,18.25),
(9,6,2,20.08),
(9,7,7,13.31),
(9,8,5,20.96),
(9,9,4,30.13),
(9,10,5,38.34);

SELECT *
FROM DetalleOrdenes

--CREAR NUEVA TABLA "SUELDOS" E INSERTAR VALORES
CREATE TABLE Sueldos (
id_empleado INT NOT NULL,
importe_hora NUMERIC (10,2),
CONSTRAINT PK_Sueldos PRIMARY KEY (id_empleado),
CONSTRAINT FK_Sueldos_Empleados FOREIGN KEY (id_empleado) REFERENCES Empleados (id_empleado)
);

INSERT INTO Sueldos (id_empleado, importe_hora) 
VALUES
(1,62.5),
(2,37.5),
(3,15),
(4,31.25),
(5,11.25),
(6,11.25),
(7,11.25),
(8,18.75),
(9,11.25),
(10,11.25);

SELECT *
FROM Sueldos;

-- CREAR TABLA DE NOMINA E INSERTAR VALORES
CREATE TABLE Nomina (
    id_nomina INT NOT NULL,
    id_empleado INT,
    horas_trabajadas DECIMAL(5,2),
    total_pago DECIMAL(10,2),
    fecha DATE,
    FOREIGN KEY (id_empleado) REFERENCES Empleados(id_empleado)
);


INSERT INTO Nomina (id_nomina, id_empleado,horas_trabajadas,total_pago,fecha)
VALUES
(1,1,360,22500, '2023-01-30'),
(1,2,360,13500, '2023-01-30'),
(1,3,360,5400, '2023-01-30'),
(1,4,360,11250, '2023-01-30'),
(1,5,360,4050, '2023-01-30'),
(1,6,360,4050, '2023-01-30'),
(1,7,360,4050, '2023-01-30'),
(1,8,360,6750, '2023-01-30'),
(1,9,360,4050, '2023-01-30'),
(1,10,360,4050, '2023-01-30'),
(2,1,348,21750, '2023-02-28'),
(2,2,354,13275, '2023-02-28'),
(2,3,358,5370, '2023-02-28'),
(2,4,359,11218.75, '2023-02-28'),
(2,5,356,4005, '2023-02-28'),
(2,6,354,3982.5, '2023-02-28'),
(2,7,360,4050, '2023-02-28'),
(2,8,360,6750, '2023-02-28'),
(2,9,360,4050, '2023-02-28'),
(2,10,360,4050, '2023-02-28'),
(3,1,360,22500, '2023-03-30'),
(3,2,357,13387.5, '2023-03-30'),
(3,3,355,5325, '2023-03-30'),
(3,4,352,11000, '2023-03-30'),
(3,5,348,3915, '2023-03-30'),
(3,6,356,4005, '2023-03-30'),
(3,7,358,4027.5, '2023-03-30'),
(3,8,352,6600, '2023-03-30'),
(3,9,359,4038.75, '2023-03-30'),
(3,10,353,3971.25, '2023-03-30'),
(4,1,354,22125, '2023-04-30'),
(4,2,355,13312.5, '2023-04-30'),
(4,3,342,5130, '2023-04-30'),
(4,4,356,11125, '2023-04-30'),
(4,5,358,4027.5, '2023-04-30'),
(4,6,360,4050, '2023-04-30'),
(4,7,360,4050, '2023-04-30'),
(4,8,360,6750, '2023-04-30'),
(4,9,360,4050, '2023-04-30'),
(4,10,360,4050, '2023-04-30'),
(5,1,360,22500, '2023-05-30'),
(5,2,360,13500, '2023-05-30'),
(5,3,360,5400, '2023-05-30'),
(5,4,360,11250, '2023-05-30'),
(5,5,360,4050, '2023-05-30'),
(5,6,360,4050, '2023-05-30'),
(5,7,360,4050, '2023-05-30'),
(5,8,360,6750, '2023-05-30'),
(5,9,360,4050, '2023-05-30'),
(5,10,360,4050, '2023-05-30'),
(6,1,356,22250, '2023-06-30'),
(6,2,358,13425, '2023-06-30'),
(6,3,352,5280, '2023-06-30'),
(6,4,358,11187.5, '2023-06-30'),
(6,5,358,4027.5, '2023-06-30'),
(6,6,358,4027.5, '2023-06-30'),
(6,7,354,3982.5, '2023-06-30'),
(6,8,353,6618.75, '2023-06-30'),
(6,9,351,3948.75, '2023-06-30'),
(6,10,356,4005, '2023-06-30'),
(7,1,360,22500, '2023-07-30'),
(7,2,360,13500, '2023-07-30'),
(7,3,360,5400, '2023-07-30'),
(7,4,360,11250, '2023-07-30'),
(7,5,360,4050, '2023-07-30'),
(7,6,360,4050, '2023-07-30'),
(7,7,360,4050, '2023-07-30'),
(7,8,360,6750, '2023-07-30'),
(7,9,360,4050, '2023-07-30'),
(7,10,360,4050, '2023-07-30'),
(8,1,357,22312.5, '2023-08-30'),
(8,2,358,13425, '2023-08-30'),
(8,3,354,5310, '2023-08-30'),
(8,4,352,11000, '2023-08-30'),
(8,5,359,4038.75, '2023-08-30'),
(8,6,358,4027.5, '2023-08-30'),
(8,7,358,4027.5, '2023-08-30'),
(8,8,358,6712.5, '2023-08-30'),
(8,9,358,4027.5, '2023-08-30'),
(8,10,357,4016.25, '2023-08-30'),
(9,1,358,22375, '2023-09-30'),
(9,2,358,13425, '2023-09-30'),
(9,3,358,5370, '2023-09-30'),
(9,4,358,11187.5, '2023-09-30'),
(9,5,354,3982.5, '2023-09-30'),
(9,6,357,4016.25, '2023-09-30'),
(9,7,355,3993.75, '2023-09-30'),
(9,8,352,6600, '2023-09-30'),
(9,9,356,4005, '2023-09-30'),
(9,10,354,3982.5, '2023-09-30'),
(10,1,360,22500, '2023-10-30'),
(10,2,360,13500, '2023-10-30'),
(10,3,360,5400, '2023-10-30'),
(10,4,360,11250, '2023-10-30'),
(10,5,360,4050, '2023-10-30'),
(10,6,360,4050, '2023-10-30'),
(10,7,360,4050, '2023-10-30'),
(10,8,360,6750, '2023-10-30'),
(10,9,360,4050, '2023-10-30'),
(10,10,360,4050, '2023-10-30'),
(11,1,356,22250, '2023-11-30'),
(11,2,358,13425, '2023-11-30'),
(11,3,359,5385, '2023-11-30'),
(11,4,354,11062.5, '2023-11-30'),
(11,5,353,3971.25, '2023-11-30'),
(11,6,349,3926.25, '2023-11-30'),
(11,7,358,4027.5, '2023-11-30'),
(11,8,358,6712.5, '2023-11-30'),
(11,9,358,4027.5, '2023-11-30'),
(11,10,358,4027.5, '2023-11-30'),
(12,1,360,22500, '2023-12-30'),
(12,2,360,13500, '2023-12-30'),
(12,3,360,5400, '2023-12-30'),
(12,4,360,11250, '2023-12-30'),
(12,5,360,4050, '2023-12-30'),
(12,6,360,4050, '2023-12-30'),
(12,7,360,4050, '2023-12-30'),
(12,8,360,6750, '2023-12-30'),
(12,9,360,4050, '2023-12-30'),
(12,10,360,4050, '2023-12-30');


SELECT *
FROM Nomina


--INSERTAR DATOS EN ORDEN Y DETALLE DE ORDEN
INSERT INTO Ordenes (id_clientes, id_empleado, id_sucursal, id_mensajero, id_tipo_pago, id_origenes, horario_venta, total_compra, kilometro_recorrer, fecha_despacho, fecha_entrega, fecha_orden_tomada, fecha_orden_lista) VALUES
(10, 10, 10, 10, 10, 5, 'Noche', 584.65, 9.0, '2023-10-25 09:30:00', '2023-10-25 10:00:00', '2023-10-25 09:00:00', '2023-10-25 09:15:00');

INSERT INTO DetalleOrdenes (id_orden,id_productos,cantidad, precio)
VALUES
(11,1,2,23.44),
(11,2,1,45.14),
(11,3,3,46.37),
(11,4,2,42.34),
(11,5,1,18.25),
(11,6,1,20.08),
(11,7,1,13.31),
(11,8,2,20.96),
(11,9,2,30.13),
(11,10,3,38.34);


SELECT *
FROM DetalleOrdenes

INSERT INTO Ordenes (id_clientes, id_empleado, id_sucursal, id_mensajero, id_tipo_pago, id_origenes, horario_venta, total_compra, kilometro_recorrer, fecha_despacho, fecha_entrega, fecha_orden_tomada, fecha_orden_lista) 
VALUES
(1,1, 1,1, 1,1, 'Mañana', 678.66, 5.10, '2023-01-05 11:12:00', '2023-01-05 11:42:00', '2023-01-05', '2023-01-05 10:57:00'),
(2,2,2,2, 2,2, 'Mañana', 735.8, 2.00, '2023-01-12 11:12:00', '2023-01-12 11:42:00', '2023-01-12', '2023-01-12 10:57:00'),
(3,3,3,3,3,3, 'Mañana', 2754.75,17.00, '2023-01-18 08:12:00', '2023-01-18 08:42:00', '2023-01-18', '2023-01-18 08:57:00'),
(4,4,4,4,4,4, 'Tarde', 439.23,5.00, '2023-01-21 13:30:00', '2023-01-21 14:00:00', '2023-01-21', '2023-01-21 13:15:00'),
(5,5,5,5,5,5, 'Tarde', 868.1,20.00, '2023-01-23 13:30:00', '2023-01-23 14:00:00', '2023-01-23', '2023-01-23 13:15:00'),
(6,6,6,6,6,6, 'Tarde', 1198.36,20.00, '2023-01-25 13:30:00', '2023-01-25 14:00:00', '2023-01-25', '2023-01-25 13:15:00'),
(7,7,7,7,7,7, 'Noche', 597.04,9.00, '2023-01-26 20:30:00', '2023-01-26 21:00:00', '2023-01-26', '2023-01-26 20:15:00'),
(8,8,8,8,8,8, 'Noche', 2211.57,7.22, '2023-01-27 20:30:00', '2023-01-27 21:00:00', '2023-01-27', '2023-01-27 20:15:00'),
(9,9,9,9,9,9, 'Noche', 882.87,25.22, '2023-01-29 20:30:00', '2023-01-29 21:00:00', '2023-01-29', '2023-01-29 20:15:00'),
(10,10,10,10,10,10, 'Noche', 848.79,4.75, '2023-01-30 20:30:00', '2023-01-30 21:00:00', '2023-01-30', '2023-01-30 20:15:00'),
(1,1, 1,1, 1,1, 'Mañana', 1377.43, 5.10, '2023-02-05 11:12:00', '2023-02-05 11:42:00', '2023-02-05', '2023-02-05 10:57:00'),
(2,2,2,2, 2,2, 'Mañana', 1063.11, 2.00, '2023-02-12 11:12:00', '2023-02-12 11:42:00', '2023-02-12', '2023-02-12 10:57:00'),
(3,3,3,3,3,3, 'Mañana', 298.36,17.00, '2023-02-18 08:12:00', '2023-02-18 08:42:00', '2023-02-18', '2023-02-18 08:57:00'),
(4,4,4,4,4,4, 'Tarde', 1034.19,5.00, '2023-02-21 13:30:00', '2023-02-21 14:00:00', '2023-02-21', '2023-02-21 13:15:00'),
(5,5,5,5,5,5, 'Tarde', 1010.05,20.00, '2023-02-23 13:30:00', '2023-02-23 14:00:00', '2023-02-23', '2023-02-23 13:15:00'),
(6,6,6,6,6,6, 'Tarde', 938.1,20.00, '2023-02-25 13:30:00', '2023-02-25 14:00:00', '2023-02-25', '2023-02-25 13:15:00'),
(7,7,7,7,7,7, 'Noche', 941.58,9.00, '2023-02-26 20:30:00', '2023-02-26 21:00:00', '2023-02-26', '2023-02-26 20:15:00'),
(8,8,8,8,8,8, 'Noche', 1082.4,7.22, '2023-02-27 20:30:00', '2023-02-27 21:00:00', '2023-02-27', '2023-02-27 20:15:00'),
(9,9,9,9,9,9, 'Noche', 890.4,25.22, '2023-02-28 20:30:00', '2023-02-28 21:00:00', '2023-02-28', '2023-02-28 20:15:00'),
(10,10,10,10,10,10, 'Noche', 675.33,4.75, '2023-02-28 20:30:00', '2023-02-28 21:00:00', '2023-02-28', '2023-02-28 20:15:00'),
(1,1, 1,1, 1,1, 'Mañana', 546.4, 5.10, '2023-03-05 11:12:00', '2023-03-05 11:42:00', '2023-03-05', '2023-03-05 10:57:00'),
(2,2,2,2, 2,2, 'Mañana', 298.36, 2.00, '2023-03-12 11:12:00', '2023-03-12 11:42:00', '2023-03-12', '2023-03-12 10:57:00'),
(3,3,3,3,3,3, 'Mañana', 735.07,17.00, '2023-03-18 08:12:00', '2023-03-18 08:42:00', '2023-03-18', '2023-03-18 08:57:00'),
(4,4,4,4,4,4, 'Tarde', 1193.44,5.00, '2023-03-21 13:30:00', '2023-03-21 14:00:00', '2023-03-21', '2023-03-21 13:15:00'),
(5,5,5,5,5,5, 'Tarde', 596.72,20.00, '2023-03-23 13:30:00', '2023-03-23 14:00:00', '2023-03-23', '2023-03-23 13:15:00'),
(6,6,6,6,6,6, 'Tarde', 1790.16,20.00, '2023-03-25 13:30:00', '2023-03-25 14:00:00', '2023-03-25', '2023-03-25 13:15:00'),
(7,7,7,7,7,7, 'Noche', 2386.88,9.00, '2023-03-26 20:30:00', '2023-03-26 21:00:00', '2023-03-26', '2023-03-26 20:15:00'),
(8,8,8,8,8,8, 'Noche', 2983.6,7.22, '2023-03-27 20:30:00', '2023-03-27 21:00:00', '2023-03-27', '2023-03-27 20:15:00'),
(9,9,9,9,9,9, 'Noche',1228.8,25.22, '2023-03-29 20:30:00', '2023-03-29 21:00:00', '2023-03-29', '2023-03-29 20:15:00'),
(10,10,10,10,10,10, 'Noche', 596.72,4.75, '2023-03-30 20:30:00', '2023-03-30 21:00:00', '2023-03-30', '2023-03-30 20:15:00'),
(1,1, 1,1, 1,1, 'Mañana', 973.87, 5.10, '2023-04-05 11:12:00', '2023-04-05 11:42:00', '2023-04-05', '2023-03-05 10:57:00'),
(2,2,2,2, 2,2, 'Mañana', 580.57, 2.00, '2023-04-12 11:12:00', '2023-04-12 11:42:00', '2023-04-12', '2023-04-12 10:57:00'),
(3,3,3,3,3,3, 'Mañana', 1790.16,17.00, '2023-04-18 08:12:00', '2023-04-18 08:42:00', '2023-04-18', '2023-04-18 08:57:00'),
(4,4,4,4,4,4, 'Tarde', 938.32,5.00, '2023-04-21 13:30:00', '2023-04-21 14:00:00', '2023-04-21', '2023-04-21 13:15:00'),
(5,5,5,5,5,5, 'Tarde', 1491.8,20.00, '2023-04-23 13:30:00', '2023-04-23 14:00:00', '2023-04-23', '2023-04-23 13:15:00'),
(6,6,6,6,6,6, 'Tarde', 1620.84,20.00, '2023-04-25 13:30:00', '2023-04-25 14:00:00', '2023-04-25', '2023-04-25 13:15:00'),
(7,7,7,7,7,7, 'Noche', 421.34,9.00, '2023-04-26 20:30:00', '2023-04-26 21:00:00', '2023-04-26', '2023-04-26 20:15:00'),
(8,8,8,8,8,8, 'Noche', 421.34,7.22, '2023-04-27 20:30:00', '2023-04-27 21:00:00', '2023-04-27', '2023-04-27 20:15:00'),
(9,9,9,9,9,9, 'Noche',1358.77,25.22, '2023-04-29 20:30:00', '2023-04-29 21:00:00', '2023-04-29', '2023-04-29 20:15:00'),
(10,10,10,10,10,10, 'Noche', 758.46,4.75, '2023-04-30 20:30:00', '2023-04-30 21:00:00', '2023-04-30', '2023-04-30 20:15:00'),
(1,1, 1,1, 1,1, 'Mañana', 689.62, 5.10, '2023-05-05 11:12:00', '2023-05-05 11:42:00', '2023-05-05', '2023-03-05 10:57:00'),
(2,2,2,2, 2,2, 'Mañana', 3580.32, 2.00, '2023-05-12 11:12:00', '2023-05-12 11:42:00', '2023-05-12', '2023-05-12 10:57:00'),
(3,3,3,3,3,3, 'Mañana', 895.08,17.00, '2023-05-18 08:12:00', '2023-05-18 08:42:00', '2023-05-18', '2023-05-18 08:57:00'),
(4,4,4,4,4,4, 'Tarde', 680.21,5.00, '2023-05-21 13:30:00', '2023-05-21 14:00:00', '2023-05-21', '2023-05-21 13:15:00'),
(5,5,5,5,5,5, 'Tarde', 1148,20.00, '2023-05-23 13:30:00', '2023-05-23 14:00:00', '2023-05-23', '2023-05-23 13:15:00'),
(6,6,6,6,6,6, 'Tarde', 941.77,20.00, '2023-05-25 13:30:00', '2023-05-25 14:00:00', '2023-05-25', '2023-05-25 13:15:00'),
(7,7,7,7,7,7, 'Noche', 1221.27,9.00, '2023-05-26 20:30:00', '2023-05-26 21:00:00', '2023-05-26', '2023-05-26 20:15:00'),
(8,8,8,8,8,8, 'Noche', 1100.9,7.22, '2023-05-27 20:30:00', '2023-05-27 21:00:00', '2023-05-27', '2023-05-27 20:15:00'),
(9,9,9,9,9,9, 'Noche',810.21,25.22, '2023-05-29 20:30:00', '2023-05-29 21:00:00', '2023-05-29', '2023-05-29 20:15:00'),
(10,10,10,10,10,10, 'Noche', 2019.32,4.75, '2023-05-30 20:30:00', '2023-05-30 21:00:00', '2023-05-30', '2023-05-30 20:15:00'),
(1,1, 1,1, 1,1, 'Mañana', 695.51, 5.10, '2023-06-05 11:12:00', '2023-06-05 11:42:00', '2023-06-05', '2023-03-05 10:57:00'),
(2,2,2,2, 2,2, 'Mañana', 1260.59, 2.00, '2023-06-12 11:12:00', '2023-06-12 11:42:00', '2023-06-12', '2023-06-12 10:57:00'),
(3,3,3,3,3,3, 'Mañana', 1408.9,17.00, '2023-06-18 08:12:00', '2023-06-18 08:42:00', '2023-06-18', '2023-06-18 08:57:00'),
(4,4,4,4,4,4, 'Tarde', 298.36,5.00, '2023-06-21 13:30:00', '2023-06-21 14:00:00', '2023-06-21', '2023-06-21 13:15:00'),
(5,5,5,5,5,5, 'Tarde', 1275.57,20.00, '2023-06-23 13:30:00', '2023-06-23 14:00:00', '2023-06-23', '2023-06-23 13:15:00'),
(6,6,6,6,6,6, 'Tarde', 521.41,20.00, '2023-06-25 13:30:00', '2023-06-25 14:00:00', '2023-06-25', '2023-06-25 13:15:00'),
(7,7,7,7,7,7, 'Noche', 1483.89,9.00, '2023-06-26 20:30:00', '2023-06-26 21:00:00', '2023-06-26', '2023-06-26 20:15:00'),
(8,8,8,8,8,8, 'Noche', 895.08,7.22, '2023-06-27 20:30:00', '2023-06-27 21:00:00', '2023-06-27', '2023-06-27 20:15:00'),
(9,9,9,9,9,9, 'Noche',1255.33,25.22, '2023-06-29 20:30:00', '2023-06-29 21:00:00', '2023-06-29', '2023-06-29 20:15:00'),
(10,10,10,10,10,10, 'Noche', 542.28,4.75, '2023-06-30 20:30:00', '2023-06-30 21:00:00', '2023-06-30', '2023-06-30 20:15:00'),
(1,1, 1,1, 1,1, 'Mañana',772.07, 5.10, '2023-07-05 11:12:00', '2023-07-05 11:42:00', '2023-07-05', '2023-03-05 10:57:00'),
(2,2,2,2, 2,2, 'Mañana', 1106.66, 2.00, '2023-07-12 11:12:00', '2023-07-12 11:42:00', '2023-07-12', '2023-07-12 10:57:00'),
(3,3,3,3,3,3, 'Mañana', 1193.44,17.00, '2023-07-18 08:12:00', '2023-07-18 08:42:00', '2023-07-18', '2023-07-18 08:57:00'),
(4,4,4,4,4,4, 'Tarde', 2386.88,5.00, '2023-07-21 13:30:00', '2023-07-21 14:00:00', '2023-07-21', '2023-07-21 13:15:00'),
(5,5,5,5,5,5, 'Tarde', 596.72,20.00, '2023-07-23 13:30:00', '2023-07-23 14:00:00', '2023-07-23', '2023-07-23 13:15:00'),
(6,6,6,6,6,6, 'Tarde', 1096.32,20.00, '2023-07-25 13:30:00', '2023-07-25 14:00:00', '2023-07-25', '2023-07-25 13:15:00'),
(7,7,7,7,7,7, 'Noche', 971.05,9.00, '2023-07-26 20:30:00', '2023-07-26 21:00:00', '2023-07-26', '2023-07-26 20:15:00'),
(8,8,8,8,8,8, 'Noche', 1618.39,7.22, '2023-07-27 20:30:00', '2023-07-27 21:00:00', '2023-07-27', '2023-07-27 20:15:00'),
(9,9,9,9,9,9, 'Noche',1131.44,25.22, '2023-07-29 20:30:00', '2023-07-29 21:00:00', '2023-07-29', '2023-07-29 20:15:00'),
(10,10,10,10,10,10, 'Noche', 1400.33,4.75, '2023-07-30 20:30:00', '2023-07-30 21:00:00', '2023-07-30', '2023-07-30 20:15:00'),
(1,1, 1,1, 1,1, 'Mañana',1376.89, 5.10, '2023-08-05 11:12:00', '2023-08-05 11:42:00', '2023-08-05', '2023-03-05 10:57:00'),
(2,2,2,2, 2,2, 'Mañana', 1056.33, 2.00, '2023-08-12 11:12:00', '2023-08-12 11:42:00', '2023-08-12', '2023-08-12 10:57:00'),
(3,3,3,3,3,3, 'Mañana', 818.56,17.00, '2023-08-18 08:12:00', '2023-08-18 08:42:00', '2023-08-18', '2023-08-18 08:57:00'),
(4,4,4,4,4,4, 'Tarde', 1496.48,5.00, '2023-08-21 13:30:00', '2023-08-21 14:00:00', '2023-08-21', '2023-08-21 13:15:00'),
(5,5,5,5,5,5, 'Tarde', 1483.4,20.00, '2023-08-23 13:30:00', '2023-08-23 14:00:00', '2023-08-23', '2023-08-23 13:15:00'),
(6,6,6,6,6,6, 'Tarde', 1483.4,20.00, '2023-08-25 13:30:00', '2023-08-25 14:00:00', '2023-08-25', '2023-08-25 13:15:00'),
(7,7,7,7,7,7, 'Noche',1790.16,9.00, '2023-08-26 20:30:00', '2023-08-26 21:00:00', '2023-08-26', '2023-08-26 20:15:00'),
(8,8,8,8,8,8, 'Noche', 945.59,7.22, '2023-08-27 20:30:00', '2023-08-27 21:00:00', '2023-08-27', '2023-08-27 20:15:00'),
(9,9,9,9,9,9, 'Noche',1193.44,25.22, '2023-08-29 20:30:00', '2023-08-29 21:00:00', '2023-08-29', '2023-08-29 20:15:00'),
(10,10,10,10,10,10, 'Noche', 895.08,4.75, '2023-08-30 20:30:00', '2023-08-30 21:00:00', '2023-08-30', '2023-08-30 20:15:00'),
(1,1, 1,1, 1,1, 'Mañana',3580.32, 5.10, '2023-09-05 11:12:00', '2023-09-05 11:42:00', '2023-09-05', '2023-03-05 10:57:00'),
(2,2,2,2, 2,2, 'Mañana', 1790.16, 2.00, '2023-09-12 11:12:00', '2023-09-12 11:42:00', '2023-09-12', '2023-09-12 10:57:00'),
(3,3,3,3,3,3, 'Mañana', 2088.52,17.00, '2023-09-18 08:12:00', '2023-09-18 08:42:00', '2023-09-18', '2023-09-18 08:57:00'),
(4,4,4,4,4,4, 'Tarde', 2386.88,5.00, '2023-09-21 13:30:00', '2023-09-21 14:00:00', '2023-09-21', '2023-09-21 13:15:00'),
(5,5,5,5,5,5, 'Tarde', 2088.52,20.00, '2023-09-23 13:30:00', '2023-09-23 14:00:00', '2023-09-23', '2023-09-23 13:15:00'),
(6,6,6,6,6,6, 'Tarde', 1491.8,20.00, '2023-09-25 13:30:00', '2023-09-25 14:00:00', '2023-09-25', '2023-09-25 13:15:00'),
(7,7,7,7,7,7, 'Noche', 2685.24,9.00, '2023-09-26 20:30:00', '2023-09-26 21:00:00', '2023-09-26', '2023-09-26 20:15:00'),
(8,8,8,8,8,8, 'Noche', 2983.6,7.22, '2023-09-27 20:30:00', '2023-09-27 21:00:00', '2023-09-27', '2023-09-27 20:15:00'),
(9,9,9,9,9,9, 'Noche',2386.88,25.22, '2023-09-29 20:30:00', '2023-09-29 21:00:00', '2023-09-29', '2023-09-29 20:15:00'),
(10,10,10,10,10,10, 'Noche', 1491.8,4.75, '2023-09-30 20:30:00', '2023-09-30 21:00:00', '2023-09-30', '2023-09-30 20:15:00'),
(1,1, 1,1, 1,1, 'Mañana',997.11, 5.10, '2023-10-05 11:12:00', '2023-10-05 11:42:00', '2023-10-05', '2023-03-05 10:57:00'),
(2,2,2,2, 2,2, 'Mañana', 630.89, 2.00, '2023-10-12 11:12:00', '2023-10-12 11:42:00', '2023-10-12', '2023-10-12 10:57:00'),
(3,3,3,3,3,3, 'Mañana', 914.98,17.00, '2023-10-18 08:12:00', '2023-10-18 08:42:00', '2023-10-18', '2023-10-18 08:57:00'),
(4,4,4,4,4,4, 'Tarde', 2386.88,5.00, '2023-10-21 13:30:00', '2023-10-21 14:00:00', '2023-10-21', '2023-10-21 13:15:00'),
(5,5,5,5,5,5, 'Tarde', 3281.96,20.00, '2023-10-23 13:30:00', '2023-10-23 14:00:00', '2023-10-23', '2023-10-23 13:15:00'),
(6,6,6,6,6,6, 'Tarde', 1026.58,20.00, '2023-10-25 13:30:00', '2023-10-25 14:00:00', '2023-10-25', '2023-10-25 13:15:00'),
(7,7,7,7,7,7, 'Noche', 596.72,9.00, '2023-10-26 20:30:00', '2023-10-26 21:00:00', '2023-10-26', '2023-10-26 20:15:00'),
(8,8,8,8,8,8, 'Noche', 1551.47,7.22, '2023-10-27 20:30:00', '2023-10-27 21:00:00', '2023-10-27', '2023-10-27 20:15:00'),
(9,9,9,9,9,9, 'Noche', 2983.6,25.22, '2023-10-29 20:30:00', '2023-10-29 21:00:00', '2023-10-29', '2023-10-29 20:15:00'),
(10,10,10,10,10,10, 'Noche', 3580.32,4.75, '2023-10-30 20:30:00', '2023-10-30 21:00:00', '2023-10-30', '2023-10-30 20:15:00'),
(1,1, 1,1, 1,1, 'Mañana', 2553.74, 5.10, '2023-11-05 11:12:00', '2023-11-05 11:42:00', '2023-11-05', '2023-03-05 10:57:00'),
(2,2,2,2, 2,2, 'Mañana', 1707.01, 2.00, '2023-11-12 11:12:00', '2023-11-12 11:42:00', '2023-11-12', '2023-11-12 10:57:00'),
(3,3,3,3,3,3, 'Mañana', 1521.77,17.00, '2023-11-18 08:12:00', '2023-11-18 08:42:00', '2023-11-18', '2023-11-18 08:57:00'),
(4,4,4,4,4,4, 'Tarde', 3396.42,5.00, '2023-11-21 13:30:00', '2023-11-21 14:00:00', '2023-11-21', '2023-11-21 13:15:00'),
(5,5,5,5,5,5, 'Tarde', 3735.35,20.00, '2023-11-23 13:30:00', '2023-11-23 14:00:00', '2023-11-23', '2023-11-23 13:15:00'),
(6,6,6,6,6,6, 'Tarde', 2544.26,20.00, '2023-11-25 13:30:00', '2023-11-25 14:00:00', '2023-11-25', '2023-11-25 13:15:00'),
(7,7,7,7,7,7, 'Noche', 2052.83,9.00, '2023-11-26 20:30:00', '2023-11-26 21:00:00', '2023-11-26', '2023-11-26 20:15:00'),
(8,8,8,8,8,8, 'Noche', 3589.55,7.22, '2023-11-27 20:30:00', '2023-11-27 21:00:00', '2023-11-27', '2023-11-27 20:15:00'),
(9,9,9,9,9,9, 'Noche', 3580.32,25.22, '2023-11-29 20:30:00', '2023-11-29 21:00:00', '2023-11-29', '2023-11-29 20:15:00'),
(10,10,10,10,10,10, 'Noche', 2685.24,4.75, '2023-11-30 20:30:00', '2023-11-30 21:00:00', '2023-11-30', '2023-11-30 20:15:00'),
(1,1, 1,1, 1,1, 'Mañana', 1994.2, 5.10, '2023-12-05 11:12:00', '2023-12-05 11:42:00', '2023-12-05', '2023-03-05 10:57:00'),
(2,2,2,2, 2,2, 'Mañana', 2285.36, 2.00, '2023-12-12 11:12:00', '2023-12-12 11:42:00', '2023-12-12', '2023-12-12 10:57:00'),
(3,3,3,3,3,3, 'Mañana', 2285.36,17.00, '2023-12-18 08:12:00', '2023-12-18 08:42:00', '2023-12-18', '2023-12-18 08:57:00'),
(4,4,4,4,4,4, 'Tarde', 4475.4,5.00, '2023-12-24 13:30:00', '2023-12-24 14:00:00', '2023-12-24', '2023-12-24 13:15:00'),
(5,5,5,5,5,5, 'Tarde', 5967.2,20.00, '2023-12-24 13:30:00', '2023-12-24 14:00:00', '2023-12-24', '2023-12-24 13:15:00'),
(6,6,6,6,6,6, 'Tarde', 6563.92,20.00, '2023-12-24 13:30:00', '2023-12-24 14:00:00', '2023-12-24', '2023-12-24 13:15:00'),
(7,7,7,7,7,7, 'Noche', 5370.48,9.00, '2023-12-25 20:30:00', '2023-12-25 21:00:00', '2023-12-25', '2023-12-25 20:15:00'),
(8,8,8,8,8,8, 'Noche', 4177.04,7.22, '2023-12-25 20:30:00', '2023-12-25 21:00:00', '2023-12-25', '2023-12-25 20:15:00'),
(9,9,9,9,9,9, 'Noche', 7459,25.22, '2023-12-25 20:30:00', '2023-12-25 21:00:00', '2023-12-25', '2023-12-25 20:15:00'),
(10,10,10,10,10,10, 'Noche', 8950.8,4.75, '2023-12-25 20:30:00', '2023-12-25 21:00:00', '2023-12-25', '2023-12-25 20:15:00');

SELECT *
FROM Ordenes

INSERT INTO DetalleOrdenes (id_orden,id_productos,cantidad, precio) 
VALUES
(12,1,1,23.44),
(12,2,3,45.14),
(12,3,2,46.37),
(12,4,1,42.34),
(12,5,5,18.25),
(12,6,1,20.08),
(12,7,1,13.31),
(12,8,3,20.96),
(12,9,4,30.13),
(12,10,2,38.34),
(13,1,3,23.44),
(13,2,1,45.14),
(13,3,5,46.37),
(13,4,2,42.34),
(13,5,2,18.25),
(13,6,3,20.08),
(13,7,5,13.31),
(13,8,2,20.96),
(13,9,2,30.13),
(13,10,1,38.34),
(14,1,6,23.44),
(14,2,8,45.14),
(14,3,12,46.37),
(14,4,1,42.34),
(14,5,3,18.25),
(14,6,5,20.08),
(14,7,4,13.31),
(14,8,6,20.96),
(14,9,12,30.13),
(14,10,25,38.34),
(15,1,3,23.44),
(15,2,1,45.14),
(15,3,1,46.37),
(15,4,2,42.34),
(15,5,1,18.25),
(15,6,1,20.08),
(15,7,2,13.31),
(15,8,1,20.96),
(15,9,1,30.13),
(15,10,2,38.34),
(16,1,1,23.44),
(16,2,2,45.14),
(16,3,6,46.37),
(16,4,1,42.34),
(16,5,3,18.25),
(16,6,2,20.08),
(16,7,4,13.31),
(16,8,2,20.96),
(16,9,3,30.13),
(16,10,4,38.34),
(17,1,5,23.44),
(17,2,5,45.14),
(17,3,5,46.37),
(17,4,2,42.34),
(17,5,4,18.25),
(17,6,5,20.08),
(17,7,6,13.31),
(17,8,2,20.96),
(17,9,3,30.13),
(17,10,4,38.34),
(18,1,6,23.44),
(18,2,2,45.14),
(18,3,2,46.37),
(18,4,1,42.34),
(18,5,3,18.25),
(18,6,3,20.08),
(18,7,2,13.31),
(18,8,1,20.96),
(18,9,1,30.13),
(18,10,1,38.34),
(19,1,12,23.44),
(19,2,12,45.14),
(19,3,12,46.37),
(19,4,6,42.34),
(19,5,6,18.25),
(19,6,6,20.08),
(19,7,6,13.31),
(19,8,3,20.96),
(19,9,3,30.13),
(19,10,3,38.34),
(20,1,2,23.44),
(20,2,2,45.14),
(20,3,2,46.37),
(20,4,3,42.34),
(20,5,3,18.25),
(20,6,3,20.08),
(20,7,4,13.31),
(20,8,4,20.96),
(20,9,4,30.13),
(20,10,4,38.34),
(21,1,1,23.44),
(21,2,1,45.14),
(21,3,1,46.37),
(21,4,1,42.34),
(21,5,3,18.25),
(21,6,3,20.08),
(21,7,3,13.31),
(21,8,6,20.96),
(21,9,6,30.13),
(21,10,6,38.34),
(22,1,3,23.44),
(22,2,5,45.14),
(22,3,6,46.37),
(22,4,2,42.34),
(22,5,1,18.25),
(22,6,6,20.08),
(22,7,9,13.31),
(22,8,3,20.96),
(22,9,3,30.13),
(22,10,8,38.34),
(23,1,10,23.44),
(23,2,8,45.14),
(23,3,3,46.37),
(23,4,2,42.34),
(23,5,2,18.25),
(23,6,2,20.08),
(23,7,2,13.31),
(23,8,2,20.96),
(23,9,2,30.13),
(23,10,1,38.34),
(24,1,1,23.44),
(24,2,1,45.14),
(24,3,1,46.37),
(24,4,1,42.34),
(24,5,1,18.25),
(24,6,1,20.08),
(24,7,1,13.31),
(24,8,1,20.96),
(24,9,1,30.13),
(24,10,1,38.34),
(25,1,3,23.44),
(25,2,3,45.14),
(25,3,6,46.37),
(25,4,3,42.34),
(25,5,3,18.25),
(25,6,3,20.08),
(25,7,3,13.31),
(25,8,3,20.96),
(25,9,3,30.13),
(25,10,3,38.34),
(26,1,6,23.44),
(26,2,6,45.14),
(26,3,6,46.37),
(26,4,1,42.34),
(26,5,1,18.25),
(26,6,1,20.08),
(26,7,1,13.31),
(26,8,1,20.96),
(26,9,3,30.13),
(26,10,3,38.34),
(27,1,2,23.44),
(27,2,2,45.14),
(27,3,6,46.37),
(27,4,3,42.34),
(27,5,4,18.25),
(27,6,5,20.08),
(27,7,1,13.31),
(27,8,2,20.96),
(27,9,3,30.13),
(27,10,2,38.34),
(28,1,4,23.44),
(28,2,4,45.14),
(28,3,4,46.37),
(28,4,4,42.34),
(28,5,1,18.25),
(28,6,1,20.08),
(28,7,6,13.31),
(28,8,6,20.96),
(28,9,1,30.13),
(28,10,1,38.34),
(29,1,3,23.44),
(29,2,3,45.14),
(29,3,4,46.37),
(29,4,4,42.34),
(29,5,2,18.25),
(29,6,2,20.08),
(29,7,3,13.31),
(29,8,3,20.96),
(29,9,5,30.13),
(29,10,5,38.34),
(30,1,8,23.44),
(30,2,8,45.14),
(30,3,1,46.37),
(30,4,1,42.34),
(30,5,1,18.25),
(30,6,1,20.08),
(30,7,4,13.31),
(30,8,3,20.96),
(30,9,2,30.13),
(30,10,1,38.34),
(31,1,1,23.44),
(31,2,1,45.14),
(31,3,1,46.37),
(31,4,1,42.34),
(31,5,1,18.25),
(31,6,1,20.08),
(31,7,12,13.31),
(31,8,12,20.96),
(31,9,1,30.13),
(31,10,1,38.34),
(32,1,3,23.44),
(32,2,3,45.14),
(32,3,1,46.37),
(32,4,2,42.34),
(32,5,1,18.25),
(32,6,1,20.08),
(32,7,3,13.31),
(32,8,3,20.96),
(32,9,1,30.13),
(32,10,1,38.34),
(33,1,1,23.44),
(33,2,1,45.14),
(33,3,1,46.37),
(33,4,1,42.34),
(33,5,1,18.25),
(33,6,1,20.08),
(33,7,1,13.31),
(33,8,1,20.96),
(33,9,1,30.13),
(33,10,1,38.34),
(34,1,3,23.44),
(34,2,2,45.14),
(34,3,3,46.37),
(34,4,2,42.34),
(34,5,2,18.25),
(34,6,2,20.08),
(34,7,4,13.31),
(34,8,4,20.96),
(34,9,2,30.13),
(34,10,2,38.34),
(35,1,4,23.44),
(35,2,4,45.14),
(35,3,4,46.37),
(35,4,4,42.34),
(35,5,4,18.25),
(35,6,4,20.08),
(35,7,4,13.31),
(35,8,4,20.96),
(35,9,4,30.13),
(35,10,4,38.34),
(36,1,2,23.44),
(36,2,2,45.14),
(36,3,2,46.37),
(36,4,2,42.34),
(36,5,2,18.25),
(36,6,2,20.08),
(36,7,2,13.31),
(36,8,2,20.96),
(36,9,2,30.13),
(36,10,2,38.34),
(37,1,6,23.44),
(37,2,6,45.14),
(37,3,6,46.37),
(37,4,6,42.34),
(37,5,6,18.25),
(37,6,6,20.08),
(37,7,6,13.31),
(37,8,6,20.96),
(37,9,6,30.13),
(37,10,6,38.34),
(38,1,8,23.44),
(38,2,8,45.14),
(38,3,8,46.37),
(38,4,8,42.34),
(38,5,8,18.25),
(38,6,8,20.08),
(38,7,8,13.31),
(38,8,8,20.96),
(38,9,8,30.13),
(38,10,8,38.34),
(39,1,10,23.44),
(39,2,10,45.14),
(39,3,10,46.37),
(39,4,10,42.34),
(39,5,10,18.25),
(39,6,10,20.08),
(39,7,10,13.31),
(39,8,10,20.96),
(39,9,10,30.13),
(39,10,10,38.34),
(40,1,3,23.44),
(40,2,5,45.14),
(40,3,3,46.37),
(40,4,5,42.34),
(40,5,3,18.25),
(40,6,5,20.08),
(40,7,3,13.31),
(40,8,5,20.96),
(40,9,3,30.13),
(40,10,5,38.34),
(41,1,2,23.44),
(41,2,2,45.14),
(41,3,2,46.37),
(41,4,2,42.34),
(41,5,2,18.25),
(41,6,2,20.08),
(41,7,2,13.31),
(41,8,2,20.96),
(41,9,2,30.13),
(41,10,2,38.34),
(42,1,2,23.44),
(42,2,4,45.14),
(42,3,3,46.37),
(42,4,5,42.34),
(42,5,2,18.25),
(42,6,5,20.08),
(42,7,6,13.31),
(42,8,2,20.96),
(42,9,2,30.13),
(42,10,2,38.34),
(43,1,1,23.44),
(43,2,2,45.14),
(43,3,3,46.37),
(43,4,1,42.34),
(43,5,2,18.25),
(43,6,3,20.08),
(43,7,3,13.31),
(43,8,2,20.96),
(43,9,1,30.13),
(43,10,2,38.34),
(44,1,6,23.44),
(44,2,6,45.14),
(44,3,6,46.37),
(44,4,6,42.34),
(44,5,6,18.25),
(44,6,6,20.08),
(44,7,6,13.31),
(44,8,6,20.96),
(44,9,6,30.13),
(44,10,6,38.34),
(45,1,3,23.44),
(45,2,2,45.14),
(45,3,5,46.37),
(45,4,4,42.34),
(45,5,3,18.25),
(45,6,2,20.08),
(45,7,1,13.31),
(45,8,3,20.96),
(45,9,3,30.13),
(45,10,3,38.34),
(46,1,5,23.44),
(46,2,5,45.14),
(46,3,5,46.37),
(46,4,5,42.34),
(46,5,5,18.25),
(46,6,5,20.08),
(46,7,5,13.31),
(46,8,5,20.96),
(46,9,5,30.13),
(46,10,5,38.34),
(47,1,7,23.44),
(47,2,7,45.14),
(47,3,5,46.37),
(47,4,5,42.34),
(47,5,3,18.25),
(47,6,3,20.08),
(47,7,7,13.31),
(47,8,7,20.96),
(47,9,5,30.13),
(47,10,5,38.34),
(48,1,1,23.44),
(48,2,1,45.14),
(48,3,2,46.37),
(48,4,2,42.34),
(48,5,1,18.25),
(48,6,1,20.08),
(48,7,2,13.31),
(48,8,2,20.96),
(48,9,1,30.13),
(48,10,1,38.34),
(49,1,1,23.44),
(49,2,1,45.14),
(49,3,2,46.37),
(49,4,2,42.34),
(49,5,1,18.25),
(49,6,1,20.08),
(49,7,2,13.31),
(49,8,2,20.96),
(49,9,1,30.13),
(49,10,1,38.34),
(50,1,3,23.44),
(50,2,3,45.14),
(50,3,5,46.37),
(50,4,5,42.34),
(50,5,6,18.25),
(50,6,6,20.08),
(50,7,6,13.31),
(50,8,6,20.96),
(50,9,4,30.13),
(50,10,4,38.34),
(51,1,2,23.44),
(51,2,5,45.14),
(51,3,1,46.37),
(51,4,1,42.34),
(51,5,1,18.25),
(51,6,1,20.08),
(51,7,2,13.31),
(51,8,2,20.96),
(51,9,2,30.13),
(51,10,6,38.34),
(52,1,3,23.44),
(52,2,3,45.14),
(52,3,3,46.37),
(52,4,3,42.34),
(52,5,1,18.25),
(52,6,1,20.08),
(52,7,1,13.31),
(52,8,1,20.96),
(52,9,1,30.13),
(52,10,3,38.34),
(53,1,12,23.44),
(53,2,12,45.14),
(53,3,12,46.37),
(53,4,12,42.34),
(53,5,12,18.25),
(53,6,12,20.08),
(53,7,12,13.31),
(53,8,12,20.96),
(53,9,12,30.13),
(53,10,12,38.34),
(54,1,3,23.44),
(54,2,3,45.14),
(54,3,3,46.37),
(54,4,3,42.34),
(54,5,3,18.25),
(54,6,3,20.08),
(54,7,3,13.31),
(54,8,3,20.96),
(54,9,3,30.13),
(54,10,3,38.34),
(55,1,2,23.44),
(55,2,3,45.14),
(55,3,2,46.37),
(55,4,3,42.34),
(55,5,1,18.25),
(55,6,1,20.08),
(55,7,5,13.31),
(55,8,5,20.96),
(55,9,1,30.13),
(55,10,1,38.34),
(56,1,4,23.44),
(56,2,5,45.14),
(56,3,4,46.37),
(56,4,5,42.34),
(56,5,2,18.25),
(56,6,2,20.08),
(56,7,1,13.31),
(56,8,1,20.96),
(56,9,3,30.13),
(56,10,6,38.34),
(57,1,2,23.44),
(57,2,5,45.14),
(57,3,2,46.37),
(57,4,3,42.34),
(57,5,1,18.25),
(57,6,1,20.08),
(57,7,8,13.31),
(57,8,8,20.96),
(57,9,2,30.13),
(57,10,2,38.34),
(58,1,1,23.44),
(58,2,1,45.14),
(58,3,6,46.37),
(58,4,6,42.34),
(58,5,1,18.25),
(58,6,1,20.08),
(58,7,3,13.31),
(58,8,3,20.96),
(58,9,7,30.13),
(58,10,7,38.34),
(59,1,6,23.44),
(59,2,6,45.14),
(59,3,3,46.37),
(59,4,3,42.34),
(59,5,2,18.25),
(59,6,2,20.08),
(59,7,5,13.31),
(59,8,5,20.96),
(59,9,2,30.13),
(59,10,3,38.34),
(60,1,2,23.44),
(60,2,2,45.14),
(60,3,2,46.37),
(60,4,3,42.34),
(60,5,1,18.25),
(60,6,1,20.08),
(60,7,1,13.31),
(60,8,1,20.96),
(60,9,5,30.13),
(60,10,6,38.34),
(61,1,6,23.44),
(61,2,9,45.14),
(61,3,6,46.37),
(61,4,9,42.34),
(61,5,3,18.25),
(61,6,3,20.08),
(61,7,5,13.31),
(61,8,4,20.96),
(61,9,8,30.13),
(61,10,8,38.34),
(62,1,3,23.44),
(62,2,3,45.14),
(62,3,2,46.37),
(62,4,2,42.34),
(62,5,1,18.25),
(62,6,1,20.08),
(62,7,4,13.31),
(62,8,4,20.96),
(62,9,2,30.13),
(62,10,2,38.34),
(63,1,4,23.44),
(63,2,5,45.14),
(63,3,4,46.37),
(63,4,4,42.34),
(63,5,2,18.25),
(63,6,2,20.08),
(63,7,6,13.31),
(63,8,6,20.96),
(63,9,5,30.13),
(63,10,4,38.34),
(64,1,6,23.44),
(64,2,6,45.14),
(64,3,3,46.37),
(64,4,3,42.34),
(64,5,3,18.25),
(64,6,3,20.08),
(64,7,2,13.31),
(64,8,2,20.96),
(64,9,8,30.13),
(64,10,8,38.34),
(65,1,1,23.44),
(65,2,1,45.14),
(65,3,1,46.37),
(65,4,1,42.34),
(65,5,1,18.25),
(65,6,1,20.08),
(65,7,1,13.31),
(65,8,1,20.96),
(65,9,1,30.13),
(65,10,1,38.34),
(66,1,3,23.44),
(66,2,3,45.14),
(66,3,5,46.37),
(66,4,5,42.34),
(66,5,4,18.25),
(66,6,5,20.08),
(66,7,4,13.31),
(66,8,6,20.96),
(66,9,4,30.13),
(66,10,4,38.34),
(67,1,4,23.44),
(67,2,1,45.14),
(67,3,1,46.37),
(67,4,2,42.34),
(67,5,1,18.25),
(67,6,1,20.08),
(67,7,1,13.31),
(67,8,3,20.96),
(67,9,2,30.13),
(67,10,2,38.34),
(68,1,8,23.44),
(68,2,8,45.14),
(68,3,5,46.37),
(68,4,5,42.34),
(68,5,1,18.25),
(68,6,1,20.08),
(68,7,3,13.31),
(68,8,3,20.96),
(68,9,4,30.13),
(68,10,6,38.34),
(69,1,3,23.44),
(69,2,3,45.14),
(69,3,3,46.37),
(69,4,3,42.34),
(69,5,3,18.25),
(69,6,3,20.08),
(69,7,3,13.31),
(69,8,3,20.96),
(69,9,3,30.13),
(69,10,3,38.34),
(70,1,4,23.44),
(70,2,6,45.14),
(70,3,4,46.37),
(70,4,2,42.34),
(70,5,1,18.25),
(70,6,1,20.08),
(70,7,7,13.31),
(70,8,7,20.96),
(70,9,5,30.13),
(70,10,5,38.34),
(71,1,2,23.44),
(71,2,2,45.14),
(71,3,1,46.37),
(71,4,1,42.34),
(71,5,2,18.25),
(71,6,2,20.08),
(71,7,3,13.31),
(71,8,3,20.96),
(71,9,2,30.13),
(71,10,2,38.34),
(72,1,3,23.44),
(72,2,3,45.14),
(72,3,3,46.37),
(72,4,1,42.34),
(72,5,2,18.25),
(72,6,2,20.08),
(72,7,3,13.31),
(72,8,3,20.96),
(72,9,3,30.13),
(72,10,3,38.34),
(73,1,6,23.44),
(73,2,6,45.14),
(73,3,2,46.37),
(73,4,2,42.34),
(73,5,1,18.25),
(73,6,1,20.08),
(73,7,4,13.31),
(73,8,4,20.96),
(73,9,5,30.13),
(73,10,5,38.34),
(74,1,4,23.44),
(74,2,4,45.14),
(74,3,4,46.37),
(74,4,4,42.34),
(74,5,4,18.25),
(74,6,4,20.08),
(74,7,4,13.31),
(74,8,4,20.96),
(74,9,4,30.13),
(74,10,4,38.34),
(75,1,8,23.44),
(75,2,8,45.14),
(75,3,8,46.37),
(75,4,8,42.34),
(75,5,8,18.25),
(75,6,8,20.08),
(75,7,8,13.31),
(75,8,8,20.96),
(75,9,8,30.13),
(75,10,8,38.34),
(76,1,2,23.44),
(76,2,2,45.14),
(76,3,2,46.37),
(76,4,2,42.34),
(76,5,2,18.25),
(76,6,2,20.08),
(76,7,2,13.31),
(76,8,2,20.96),
(76,9,2,30.13),
(76,10,2,38.34),
(77,1,5,23.44),
(77,2,2,45.14),
(77,3,5,46.37),
(77,4,5,42.34),
(77,5,5,18.25),
(77,6,2,20.08),
(77,7,5,13.31),
(77,8,2,20.96),
(77,9,3,30.13),
(77,10,3,38.34),
(78,1,4,23.44),
(78,2,3,45.14),
(78,3,6,46.37),
(78,4,6,42.34),
(78,5,1,18.25),
(78,6,1,20.08),
(78,7,3,13.31),
(78,8,3,20.96),
(78,9,1,30.13),
(78,10,1,38.34),
(79,1,7,23.44),
(79,2,3,45.14),
(79,3,7,46.37),
(79,4,5,42.34),
(79,5,2,18.25),
(79,6,2,20.08),
(79,7,8,13.31),
(79,8,9,20.96),
(79,9,6,30.13),
(79,10,6,38.34),
(80,1,2,23.44),
(80,2,3,45.14),
(80,3,4,46.37),
(80,4,6,42.34),
(80,5,1,18.25),
(80,6,1,20.08),
(80,7,6,13.31),
(80,8,6,20.96),
(80,9,5,30.13),
(80,10,3,38.34),
(81,1,4,23.44),
(81,2,6,45.14),
(81,3,8,46.37),
(81,4,3,42.34),
(81,5,2,18.25),
(81,6,2,20.08),
(81,7,4,13.31),
(81,8,6,20.96),
(81,9,3,30.13),
(81,10,5,38.34),
(82,1,3,23.44),
(82,2,6,45.14),
(82,3,8,46.37),
(82,4,3,42.34),
(82,5,2,18.25),
(82,6,2,20.08),
(82,7,4,13.31),
(82,8,6,20.96),
(82,9,3,30.13),
(82,10,5,38.34),
(83,1,3,23.44),
(83,2,6,45.14),
(83,3,2,46.37),
(83,4,2,42.34),
(83,5,2,18.25),
(83,6,2,20.08),
(83,7,4,13.31),
(83,8,6,20.96),
(83,9,3,30.13),
(83,10,5,38.34),
(84,1,6,23.44),
(84,2,2,45.14),
(84,3,3,46.37),
(84,4,3,42.34),
(84,5,2,18.25),
(84,6,2,20.08),
(84,7,4,13.31),
(84,8,3,20.96),
(84,9,3,30.13),
(84,10,1,38.34),
(85,1,5,23.44),
(85,2,5,45.14),
(85,3,6,46.37),
(85,4,3,42.34),
(85,5,1,18.25),
(85,6,1,20.08),
(85,7,7,13.31),
(85,8,8,20.96),
(85,9,6,30.13),
(85,10,7,38.34),
(86,1,6,23.44),
(86,2,8,45.14),
(86,3,7,46.37),
(86,4,4,42.34),
(86,5,2,18.25),
(86,6,2,20.08),
(86,7,6,13.31),
(86,8,6,20.96),
(86,9,3,30.13),
(86,10,3,38.34),
(87,1,6,23.44),
(87,2,8,45.14),
(87,3,7,46.37),
(87,4,4,42.34),
(87,5,2,18.25),
(87,6,2,20.08),
(87,7,6,13.31),
(87,8,6,20.96),
(87,9,3,30.13),
(87,10,3,38.34),
(88,1,6,23.44),
(88,2,6,45.14),
(88,3,6,46.37),
(88,4,6,42.34),
(88,5,6,18.25),
(88,6,6,20.08),
(88,7,6,13.31),
(88,8,6,20.96),
(88,9,6,30.13),
(88,10,6,38.34),
(89,1,1,23.44),
(89,2,2,45.14),
(89,3,3,46.37),
(89,4,3,42.34),
(89,5,2,18.25),
(89,6,1,20.08),
(89,7,5,13.31),
(89,8,4,20.96),
(89,9,3,30.13),
(89,10,7,38.34),
(90,1,4,23.44),
(90,2,4,45.14),
(90,3,4,46.37),
(90,4,4,42.34),
(90,5,4,18.25),
(90,6,4,20.08),
(90,7,4,13.31),
(90,8,4,20.96),
(90,9,4,30.13),
(90,10,4,38.34),
(91,1,3,23.44),
(91,2,3,45.14),
(91,3,3,46.37),
(91,4,3,42.34),
(91,5,3,18.25),
(91,6,3,20.08),
(91,7,3,13.31),
(91,8,3,20.96),
(91,9,3,30.13),
(91,10,3,38.34),
(92,1,12,23.44),
(92,2,12,45.14),
(92,3,12,46.37),
(92,4,12,42.34),
(92,5,12,18.25),
(92,6,12,20.08),
(92,7,12,13.31),
(92,8,12,20.96),
(92,9,12,30.13),
(92,10,12,38.34),
(93,1,6,23.44),
(93,2,6,45.14),
(93,3,6,46.37),
(93,4,6,42.34),
(93,5,6,18.25),
(93,6,6,20.08),
(93,7,6,13.31),
(93,8,6,20.96),
(93,9,6,30.13),
(93,10,6,38.34),
(94,1,7,23.44),
(94,2,7,45.14),
(94,3,7,46.37),
(94,4,7,42.34),
(94,5,7,18.25),
(94,6,7,20.08),
(94,7,7,13.31),
(94,8,7,20.96),
(94,9,7,30.13),
(94,10,7,38.34),
(95,1,8,23.44),
(95,2,8,45.14),
(95,3,8,46.37),
(95,4,8,42.34),
(95,5,8,18.25),
(95,6,8,20.08),
(95,7,8,13.31),
(95,8,8,20.96),
(95,9,8,30.13),
(95,10,8,38.34),
(96,1,7,23.44),
(96,2,7,45.14),
(96,3,7,46.37),
(96,4,7,42.34),
(96,5,7,18.25),
(96,6,7,20.08),
(96,7,7,13.31),
(96,8,7,20.96),
(96,9,7,30.13),
(96,10,7,38.34),
(97,1,5,23.44),
(97,2,5,45.14),
(97,3,5,46.37),
(97,4,5,42.34),
(97,5,5,18.25),
(97,6,5,20.08),
(97,7,5,13.31),
(97,8,5,20.96),
(97,9,5,30.13),
(97,10,5,38.34),
(98,1,9,23.44),
(98,2,9,45.14),
(98,3,9,46.37),
(98,4,9,42.34),
(98,5,9,18.25),
(98,6,9,20.08),
(98,7,9,13.31),
(98,8,9,20.96),
(98,9,9,30.13),
(98,10,9,38.34),
(99,1,10,23.44),
(99,2,10,45.14),
(99,3,10,46.37),
(99,4,10,42.34),
(99,5,10,18.25),
(99,6,10,20.08),
(99,7,10,13.31),
(99,8,10,20.96),
(99,9,10,30.13),
(99,10,10,38.34),
(100,1,8,23.44),
(100,2,8,45.14),
(100,3,8,46.37),
(100,4,8,42.34),
(100,5,8,18.25),
(100,6,8,20.08),
(100,7,8,13.31),
(100,8,8,20.96),
(100,9,8,30.13),
(100,10,8,38.34),
(101,1,5,23.44),
(101,2,5,45.14),
(101,3,5,46.37),
(101,4,5,42.34),
(101,5,5,18.25),
(101,6,5,20.08),
(101,7,5,13.31),
(101,8,5,20.96),
(101,9,5,30.13),
(101,10,5,38.34),
(102,1,3,23.44),
(102,2,2,45.14),
(102,3,5,46.37),
(102,4,6,42.34),
(102,5,1,18.25),
(102,6,1,20.08),
(102,7,2,13.31),
(102,8,2,20.96),
(102,9,3,30.13),
(102,10,4,38.34),
(103,1,1,23.44),
(103,2,1,45.14),
(103,3,2,46.37),
(103,4,2,42.34),
(103,5,1,18.25),
(103,6,1,20.08),
(103,7,3,13.31),
(103,8,3,20.96),
(103,9,3,30.13),
(103,10,4,38.34),
(104,1,2,23.44),
(104,2,2,45.14),
(104,3,3,46.37),
(104,4,3,42.34),
(104,5,2,18.25),
(104,6,2,20.08),
(104,7,3,13.31),
(104,8,5,20.96),
(104,9,2,30.13),
(104,10,6,38.34),
(105,1,8,23.44),
(105,2,8,45.14),
(105,3,8,46.37),
(105,4,8,42.34),
(105,5,8,18.25),
(105,6,8,20.08),
(105,7,8,13.31),
(105,8,8,20.96),
(105,9,8,30.13),
(105,10,8,38.34),
(106,1,11,23.44),
(106,2,11,45.14),
(106,3,11,46.37),
(106,4,11,42.34),
(106,5,11,18.25),
(106,6,11,20.08),
(106,7,11,13.31),
(106,8,11,20.96),
(106,9,11,30.13),
(106,10,11,38.34),
(107,1,4,23.44),
(107,2,3,45.14),
(107,3,4,46.37),
(107,4,3,42.34),
(107,5,4,18.25),
(107,6,3,20.08),
(107,7,4,13.31),
(107,8,3,20.96),
(107,9,4,30.13),
(107,10,3,38.34),
(108,1,2,23.44),
(108,2,2,45.14),
(108,3,2,46.37),
(108,4,2,42.34),
(108,5,2,18.25),
(108,6,2,20.08),
(108,7,2,13.31),
(108,8,2,20.96),
(108,9,2,30.13),
(108,10,2,38.34),
(109,1,6,23.44),
(109,2,5,45.14),
(109,3,7,46.37),
(109,4,8,42.34),
(109,5,2,18.25),
(109,6,2,20.08),
(109,7,3,13.31),
(109,8,3,20.96),
(109,9,5,30.13),
(109,10,5,38.34),
(110,1,10,23.44),
(110,2,10,45.14),
(110,3,10,46.37),
(110,4,10,42.34),
(110,5,10,18.25),
(110,6,10,20.08),
(110,7,10,13.31),
(110,8,10,20.96),
(110,9,10,30.13),
(110,10,10,38.34),
(111,1,12,23.44),
(111,2,12,45.14),
(111,3,12,46.37),
(111,4,12,42.34),
(111,5,12,18.25),
(111,6,12,20.08),
(111,7,12,13.31),
(111,8,12,20.96),
(111,9,12,30.13),
(111,10,12,38.34);

INSERT INTO DetalleOrdenes (id_orden,id_productos,cantidad, precio) 
VALUES
(112,1,8,23.44),
(112,2,9,45.14),
(112,3,8,46.37),
(112,4,9,42.34),
(112,5,8,18.25),
(112,6,9,20.08),
(112,7,8,13.31),
(112,8,9,20.96),
(112,9,8,30.13),
(112,10,9,38.34),
(113,1,7,23.44),
(113,2,6,45.14),
(113,3,7,46.37),
(113,4,6,42.34),
(113,5,7,18.25),
(113,6,6,20.08),
(113,7,5,13.31),
(113,8,5,20.96),
(113,9,4,30.13),
(113,10,4,38.34),
(114,1,8,23.44),
(114,2,4,45.14),
(114,3,6,46.37),
(114,4,5,42.34),
(114,5,3,18.25),
(114,6,2,20.08),
(114,7,4,13.31),
(114,8,5,20.96),
(114,9,6,30.13),
(114,10,6,38.34),
(115,1,10,23.44),
(115,2,11,45.14),
(115,3,12,46.37),
(115,4,13,42.34),
(115,5,10,18.25),
(115,6,11,20.08),
(115,7,12,13.31),
(115,8,13,20.96),
(115,9,10,30.13),
(115,10,11,38.34),
(116,1,12,23.44),
(116,2,13,45.14),
(116,3,13,46.37),
(116,4,12,42.34),
(116,5,12,18.25),
(116,6,13,20.08),
(116,7,13,13.31),
(116,8,12,20.96),
(116,9,13,30.13),
(116,10,12,38.34),
(117,1,8,23.44),
(117,2,9,45.14),
(117,3,8,46.37),
(117,4,9,42.34),
(117,5,9,18.25),
(117,6,8,20.08),
(117,7,9,13.31),
(117,8,8,20.96),
(117,9,8,30.13),
(117,10,9,38.34),
(118,1,7,23.44),
(118,2,6,45.14),
(118,3,8,46.37),
(118,4,9,42.34),
(118,5,4,18.25),
(118,6,5,20.08),
(118,7,3,13.31),
(118,8,5,20.96),
(118,9,8,30.13),
(118,10,8,38.34),
(119,1,12,23.44),
(119,2,10,45.14),
(119,3,11,46.37),
(119,4,13,42.34),
(119,5,11,18.25),
(119,6,13,20.08),
(119,7,11,13.31),
(119,8,12,20.96),
(119,9,12,30.13),
(119,10,15,38.34),
(120,1,12,23.44),
(120,2,12,45.14),
(120,3,12,46.37),
(120,4,12,42.34),
(120,5,12,18.25),
(120,6,12,20.08),
(120,7,12,13.31),
(120,8,12,20.96),
(120,9,12,30.13),
(120,10,12,38.34),
(121,1,9,23.44),
(121,2,9,45.14),
(121,3,9,46.37),
(121,4,9,42.34),
(121,5,9,18.25),
(121,6,9,20.08),
(121,7,9,13.31),
(121,8,9,20.96),
(121,9,9,30.13),
(121,10,9,38.34),
(122,1,8,23.44),
(122,2,7,45.14),
(122,3,6,46.37),
(122,4,9,42.34),
(122,5,6,18.25),
(122,6,8,20.08),
(122,7,7,13.31),
(122,8,6,20.96),
(122,9,5,30.13),
(122,10,5,38.34),
(123,1,7,23.44),
(123,2,6,45.14),
(123,3,8,46.37),
(123,4,9,42.34),
(123,5,9,18.25),
(123,6,9,20.08),
(123,7,8,13.31),
(123,8,8,20.96),
(123,9,7,30.13),
(123,10,7,38.34),
(124,1,7,23.44),
(124,2,6,45.14),
(124,3,8,46.37),
(124,4,9,42.34),
(124,5,9,18.25),
(124,6,9,20.08),
(124,7,8,13.31),
(124,8,8,20.96),
(124,9,7,30.13),
(124,10,7,38.34),
(125,1,15,23.44),
(125,2,15,45.14),
(125,3,15,46.37),
(125,4,15,42.34),
(125,5,15,18.25),
(125,6,15,20.08),
(125,7,15,13.31),
(125,8,15,20.96),
(125,9,15,30.13),
(125,10,15,38.34),
(126,1,20,23.44),
(126,2,20,45.14),
(126,3,20,46.37),
(126,4,20,42.34),
(126,5,20,18.25),
(126,6,20,20.08),
(126,7,20,13.31),
(126,8,20,20.96),
(126,9,20,30.13),
(126,10,20,38.34),
(127,1,22,23.44),
(127,2,22,45.14),
(127,3,22,46.37),
(127,4,22,42.34),
(127,5,22,18.25),
(127,6,22,20.08),
(127,7,22,13.31),
(127,8,22,20.96),
(127,9,22,30.13),
(127,10,22,38.34),
(128,1,18,23.44),
(128,2,18,45.14),
(128,3,18,46.37),
(128,4,18,42.34),
(128,5,18,18.25),
(128,6,18,20.08),
(128,7,18,13.31),
(128,8,18,20.96),
(128,9,18,30.13),
(128,10,18,38.34),
(129,1,14,23.44),
(129,2,14,45.14),
(129,3,14,46.37),
(129,4,14,42.34),
(129,5,14,18.25),
(129,6,14,20.08),
(129,7,14,13.31),
(129,8,14,20.96),
(129,9,14,30.13),
(129,10,14,38.34),
(130,1,25,23.44),
(130,2,25,45.14),
(130,3,25,46.37),
(130,4,25,42.34),
(130,5,25,18.25),
(130,6,25,20.08),
(130,7,25,13.31),
(130,8,25,20.96),
(130,9,25,30.13),
(130,10,25,38.34),
(131,1,30,23.44),
(131,2,30,45.14),
(131,3,30,46.37),
(131,4,30,42.34),
(131,5,30,18.25),
(131,6,30,20.08),
(131,7,30,13.31),
(131,8,30,20.96),
(131,9,30,30.13),
(131,10,30,38.34);

SELECT 
SUM (total_compra) AS TOTAL_VENTAS
FROM ORDENES;

--DETERMINACION DE UTILIDAD BRUTA
--(Informacion localizada: INSIGHT VENTAS)
SELECT 
    SUM (do.cantidad * do.precio) AS TOTAL_INGRESOS,
    SUM (do.cantidad * p.precio) AS TOTAL_COSTOS,
    SUM ( (do.precio - p.precio) * do.cantidad) AS UTILIDAD_BRUTA
FROM
    DetalleOrdenes do
JOIN 
    Productos p ON do.id_productos = p.id_productos;

--DETERMINACION DE GANANCIA FLASH
--(Informacion localizada: INSIGHT VENTAS)
SELECT 
    (SELECT 
        SUM (do.cantidad * do.precio) 
        FROM
        DetalleOrdenes do) AS TOTAL_INGRESOS,

    (SELECT 
        SUM (do.cantidad * p.precio) 
        FROM
        DetalleOrdenes do
        JOIN 
        Productos p ON do.id_productos = p.id_productos)  AS TOTAL_COSTOS,
     
     (SELECT
        SUM ( (do.precio - p.precio) * do.cantidad) 
        FROM
        DetalleOrdenes do
        JOIN 
        Productos p ON do.id_productos = p.id_productos)  AS UTILIDAD_BRUTA,

     (SELECT SUM(total_pago)
     FROM Nomina) AS TOTAL_COSTO_MANO_OBRA;

--DETERMINACION MARGEN UTILIDAD BRUTA
--(Informacion localizada: INSIGHT VENTAS)
SELECT 
    ROUND (
        (
            (SUM(do.cantidad * do.precio) - sum(do.cantidad * p.precio))
            / NULLIF (SUM(do.cantidad * do.precio),0)
        ) *100,
        2
    ) AS MARGEN_UTILIDAD_BRUTA
FROM
    DetalleOrdenes do
JOIN Productos p ON do.id_productos = p.id_productos;

--TOTAL PRODUCTOS VENDIDOS
--(Informacion localizada: INSIGHT VENTAS)
SELECT
    SUM(cantidad) AS total_productos
FROM DetalleOrdenes;

--VALOR PROMEDIO DE TRANSACCIONES (TICKET PROMEDIO)
--(Informacion localizada: INSIGHT VENTAS)
SELECT
    ROUND (
        SUM(cantidad * precio) * 1.0 / NULLIF(COUNT(DISTINCT id_orden),0),
        2
    ) AS TICKET_PROMEDIO
FROM
    DetalleOrdenes;


-- MARGEN DE CONTIBUCION
--(Informacion localizada: INSIGHT CARTA MENU)
SELECT 
    do.id_productos,
    do.precio AS precio_venta,
    p.nombre,
    p.precio AS costo_venta,
    (do.precio - p.precio) AS margen_contribucion
FROM DetalleOrdenes do
JOIN Productos p ON do.id_productos = p.id_productos;


SELECT 
    do.id_productos,
    p.nombre,
    AVG(do.precio) AS precio_venta,
    AVG(p.precio) AS costo_venta,
    AVG(do.precio - p.precio) AS margen_contribucion
FROM DetalleOrdenes do
JOIN Productos p ON do.id_productos = p.id_productos
GROUP BY do.id_productos, p.nombre ;

--COSTO DE VENTA
--(Informacion localizada: INSIGHT VENTAS, CARTA MENU)
SELECT 
       SUM (do.cantidad * p.precio) AS TOTAL_COSTO_VENTA
 FROM
    DetalleOrdenes do
JOIN 
    Productos p ON do.id_productos = p.id_productos;

--GASTO POR ARTICULO
--(Informacion localizada: INSIGHT CARTA MENU)
SELECT 
    SUM (cantidad * precio) / SUM (cantidad) AS GASTO_PRODUCTO
FROM
    DetalleOrdenes;

-- PRODUCTO MAS VENDIDO
--(Informacion localizada: INSIGHT CARTA MENU)
SELECT 
    id_productos,
    SUM(cantidad) AS total_vendido
FROM 
    DetalleOrdenes
GROUP BY 
    id_productos
ORDER BY 
    total_vendido DESC;

    --union con nombre de los productos
        SELECT TOP 1
         p.nombre,
        SUM(do.cantidad) AS total_vendido
        FROM 
            DetalleOrdenes do
        JOIN Productos p ON do.id_productos = p.id_productos
        GROUP BY 
            P.nombre
        ORDER BY 
             total_vendido DESC;

-- ventas por productos
SELECT 
    do.id_productos,
    p.nombre,
    SUM(do.cantidad) AS total_cantidad,
    SUM(do.cantidad * do.precio) AS total_venta
FROM 
    DetalleOrdenes do
JOIN Ordenes o ON do.id_orden = o.id_orden
JOIN productos p ON do.id_productos = p.id_productos
GROUP BY 
    do.id_productos, p.nombre
ORDER BY 
    do.id_productos DESC;


    SELECT 
    do.id_productos,
    p.nombre,
    SUM(do.cantidad) AS total_vendido
FROM 
    DetalleOrdenes do
JOIN 
    productos p ON do.id_productos = p.id_productos
GROUP BY 
    do.id_productos, p.nombre
ORDER BY 
    total_vendido DESC;


--% COSTO DE PRODUCTOS
--(Informacion localizada: INSIGHT CARTA MENU)
SELECT 
      ROUND( (SUM (do.cantidad * p.precio) / SUM (do.cantidad* do.precio)) * 100, 2) AS PORCENTAJE_COSTO_PRODCUTO
FROM
    DetalleOrdenes do
JOIN 
    Productos p ON do.id_productos = p.id_productos;

SELECT *
FROM Nomina


--EFECTIVIDAD EN JORNADA LABORAL
--(Informacion localizada: INSIGHT EMPLEADOS)
SELECT 
    id_empleado,
    AVG (horas_trabajadas) AS total_horas 
FROM 
    Nomina
GROUP BY 
    id_empleado;
      

SELECT 
    id_empleado,
    ROUND (AVG (horas_trabajadas) /360,2) AS porcentaje_horas 
FROM 
    Nomina
GROUP BY 
    id_empleado;


--INGRESO POR HORA TRABAJADA AL MES
--(Informacion localizada: INSIGHT EMPLEADOS)
SELECT
       ROUND (SUM (do.cantidad * do.precio)/ 360,2) AS VENTA_HORA_TRABAJO
FROM
    DetalleOrdenes do;


-- PORCENTAJE COSTO LABORAL
--(Informacion localizada: INSIGHT EMPLEADOS)
SELECT
       ROUND (
        ((SELECT SUM(n.total_pago) 
         FROM Nomina n) /
         (SELECT SUM (do.cantidad * do.precio) 
          FROM DetalleOrdenes do)
         ) * 100,2
       ) AS PORCENTAJE_COSTO_LABORAL;

SELECT
   id_empleado,
   sum(total_pago)
FROM Nomina
GROUP BY id_empleado

SELECT
   sum(total_pago)
FROM Nomina


SELECT *
FROM TipoPago

SELECT *
FROM Sucursales

SELECT *
FROM Mensajeros